id;first_name;last_name;country;postal_code;city;address_1;address_2
1;Maybelle;Kerluke;ENGLAND;Interactions Versatile hack;Buffalo;Kansas index;Solutions Chicken
2;Jan;McGlynn;GERMANY;Customer Cambridgeshire end-to-end;Helgatown;copy Account;purple Credit Developer
3;Alverta;Lockman;FRANCE;Tuna generate;Madisenshire;Hat North;Incredible Applications Pizza
4;Delphia;Gleichner;ITALY;navigate override SMTP;South Aiyanaburgh;Guilder;Human National Soap
5;Lexie;Stark;ENGLAND;Shoes;Tacoma;Shirt;USB
6;Dandre;Pollich;ITALY;Bacon morph;Riverside;National;Taka JBOD state
7;Leo;Douglas;FRANCE;invoice;Wisozkbury;Borders Greece;Identity calculate bus
8;Christ;Ruecker;ENGLAND;multi-tasking Supervisor;Gresham;Tasty Cuban;deposit
9;Stacey;Yost;ENGLAND;Dynamic Pound;Lake Kaneland;Pizza;virtual
10;Finn;Senger;ENGLAND;Computer;Schaeferburgh;Montana Fully-configurable Cambridgeshire;Unbranded Branding task-force
